{
  "version": 1,
  "author": "APRIL RHOSE MERCADO",
  "editor": "wokwi",
  "parts": [
    { "type": "wokwi-breadboard", "id": "bb1", "top": -12.6, "left": -26, "attrs": {} },
    { "type": "wokwi-esp32-devkit-v1", "id": "esp", "top": -14.67, "left": -144.67, "attrs": {} },
    {
      "type": "wokwi-lcd1602",
      "id": "lcd1",
      "top": -100.02,
      "left": 3.61,
      "attrs": { "pins": "i2c" }
    },
    {
      "type": "wokwi-pushbutton",
      "id": "btn1",
      "top": 47.9,
      "left": 13.1,
      "rotate": 90,
      "attrs": { "color": "red" }
    },
    {
      "type": "wokwi-resistor",
      "id": "r1",
      "top": 148.6,
      "left": 9.47,
      "rotate": 90,
      "attrs": { "value": "1000" }
    }
  ],
  "connections": [
    [ "esp:TX0", "$serialMonitor:RX", "", [] ],
    [ "esp:RX0", "$serialMonitor:TX", "", [] ],
    [ "esp:VIN", "lcd1:VCC", "red", [ "h-20.7", "v-206.16" ] ],
    [ "esp:GND.2", "lcd1:GND", "black", [ "h-34.06", "v-7.77" ] ],
    [ "esp:D22", "lcd1:SCL", "green", [ "h11.3", "v-59.38" ] ],
    [ "esp:D21", "lcd1:SDA", "green", [ "h22.88", "v-94.52", "h-2.67" ] ],
    [ "esp:3V3", "bb1:bp.1", "green", [ "v26.38", "h58.52" ] ],
    [ "esp:GND.1", "bb1:bn.1", "black", [ "h13.08", "v46.58" ] ],
    [ "r1:1", "bb1:5b.h", "", [ "$bb" ] ],
    [ "r1:2", "bb1:bn.3", "", [ "$bb" ] ],
    [ "bb1:bp.5", "bb1:7b.h", "green", [ "v0" ] ],
    [ "btn1:1.l", "bb1:7t.a", "", [ "$bb" ] ],
    [ "btn1:2.l", "bb1:5t.a", "", [ "$bb" ] ],
    [ "btn1:1.r", "bb1:7b.f", "", [ "$bb" ] ],
    [ "btn1:2.r", "bb1:5b.f", "", [ "$bb" ] ],
    [ "esp:D15", "bb1:5b.g", "green", [ "h20.21", "v-14.31" ] ]
  ],
  "dependencies": {}
}